st_id,pr_sku_id,date,pr_sales_type_id,pr_sales_in_units,pr_promo_sales_in_units,pr_sales_in_rub,pr_promo_sales_in_rub
16a5cdae362b8d27a1d8f8c7b78b4330,2a868279c0944dbdebbe05bdd925b005,03.08.2022,0,12,0,156,0
16a5cdae362b8d27a1d8f8c7b78b4330,2a868279c0944dbdebbe05bdd925b005,15.08.2022,0,10,0,130,0
16a5cdae362b8d27a1d8f8c7b78b4330,2a868279c0944dbdebbe05bdd925b005,15.09.2022,0,4,0,52,0
16a5cdae362b8d27a1d8f8c7b78b4330,2a868279c0944dbdebbe05bdd925b005,18.09.2022,0,5,0,65,0
16a5cdae362b8d27a1d8f8c7b78b4330,2a868279c0944dbdebbe05bdd925b005,22.09.2022,0,5,0,65,0
16a5cdae362b8d27a1d8f8c7b78b4330,2a868279c0944dbdebbe05bdd925b005,27.09.2022,0,6,0,78,0
16a5cdae362b8d27a1d8f8c7b78b4330,2a868279c0944dbdebbe05bdd925b005,29.09.2022,0,3,0,39,0
16a5cdae362b8d27a1d8f8c7b78b4330,2a868279c0944dbdebbe05bdd925b005,02.10.2022,0,5,0,65,0
16a5cdae362b8d27a1d8f8c7b78b4330,2a868279c0944dbdebbe05bdd925b005,17.10.2022,0,7,0,91,0
16a5cdae362b8d27a1d8f8c7b78b4330,2a868279c0944dbdebbe05bdd925b005,04.11.2022,0,13,0,169,0
16a5cdae362b8d27a1d8f8c7b78b4330,2a868279c0944dbdebbe05bdd925b005,08.01.2023,0,7,0,91,0
16a5cdae362b8d27a1d8f8c7b78b4330,2a868279c0944dbdebbe05bdd925b005,27.01.2023,0,10,0,130,0
16a5cdae362b8d27a1d8f8c7b78b4330,2a868279c0944dbdebbe05bdd925b005,10.02.2023,0,12,0,156,0
16a5cdae362b8d27a1d8f8c7b78b4330,2a868279c0944dbdebbe05bdd925b005,13.02.2023,0,15,0,195,0
16a5cdae362b8d27a1d8f8c7b78b4330,2a868279c0944dbdebbe05bdd925b005,14.02.2023,0,7,0,91,0
16a5cdae362b8d27a1d8f8c7b78b4330,2a868279c0944dbdebbe05bdd925b005,21.02.2023,0,4,0,52,0
16a5cdae362b8d27a1d8f8c7b78b4330,2a868279c0944dbdebbe05bdd925b005,22.02.2023,0,16,0,208,0
16a5cdae362b8d27a1d8f8c7b78b4330,2a868279c0944dbdebbe05bdd925b005,07.03.2023,0,8,0,104,0
16a5cdae362b8d27a1d8f8c7b78b4330,2a868279c0944dbdebbe05bdd925b005,11.03.2023,0,17,0,221,0
16a5cdae362b8d27a1d8f8c7b78b4330,2a868279c0944dbdebbe05bdd925b005,12.03.2023,0,9,0,117,0
16a5cdae362b8d27a1d8f8c7b78b4330,2a868279c0944dbdebbe05bdd925b005,13.03.2023,0,6,0,78,0
16a5cdae362b8d27a1d8f8c7b78b4330,2a868279c0944dbdebbe05bdd925b005,15.03.2023,0,8,0,104,0
16a5cdae362b8d27a1d8f8c7b78b4330,2a868279c0944dbdebbe05bdd925b005,29.04.2023,0,10,0,130,0
16a5cdae362b8d27a1d8f8c7b78b4330,2a868279c0944dbdebbe05bdd925b005,05.05.2023,0,3,0,39,0
16a5cdae362b8d27a1d8f8c7b78b4330,2a868279c0944dbdebbe05bdd925b005,07.05.2023,0,3,0,39,0
16a5cdae362b8d27a1d8f8c7b78b4330,2a868279c0944dbdebbe05bdd925b005,14.05.2023,0,4,0,52,0
16a5cdae362b8d27a1d8f8c7b78b4330,2a868279c0944dbdebbe05bdd925b005,23.05.2023,0,7,0,91,0
16a5cdae362b8d27a1d8f8c7b78b4330,2a868279c0944dbdebbe05bdd925b005,15.06.2023,0,3,0,39,0
16a5cdae362b8d27a1d8f8c7b78b4330,2a868279c0944dbdebbe05bdd925b005,18.06.2023,0,5,0,65,0
16a5cdae362b8d27a1d8f8c7b78b4330,2a868279c0944dbdebbe05bdd925b005,20.06.2023,0,18,0,234,0
16a5cdae362b8d27a1d8f8c7b78b4330,2a868279c0944dbdebbe05bdd925b005,21.06.2023,0,16,0,208,0
16a5cdae362b8d27a1d8f8c7b78b4330,2a868279c0944dbdebbe05bdd925b005,22.06.2023,0,3,0,39,0
16a5cdae362b8d27a1d8f8c7b78b4330,26d07ae4d7900394b2efaae387b01072,03.08.2022,0,5,0,945,0
16a5cdae362b8d27a1d8f8c7b78b4330,26d07ae4d7900394b2efaae387b01072,15.08.2022,0,2,0,378,0
16a5cdae362b8d27a1d8f8c7b78b4330,26d07ae4d7900394b2efaae387b01072,15.09.2022,0,18,0,3402,0
16a5cdae362b8d27a1d8f8c7b78b4330,26d07ae4d7900394b2efaae387b01072,18.09.2022,0,5,0,945,0
16a5cdae362b8d27a1d8f8c7b78b4330,26d07ae4d7900394b2efaae387b01072,22.09.2022,0,11,0,2079,0
16a5cdae362b8d27a1d8f8c7b78b4330,26d07ae4d7900394b2efaae387b01072,27.09.2022,0,1,0,189,0
16a5cdae362b8d27a1d8f8c7b78b4330,26d07ae4d7900394b2efaae387b01072,29.09.2022,0,4,0,756,0
16a5cdae362b8d27a1d8f8c7b78b4330,26d07ae4d7900394b2efaae387b01072,02.10.2022,0,1,0,189,0
16a5cdae362b8d27a1d8f8c7b78b4330,26d07ae4d7900394b2efaae387b01072,17.10.2022,0,16,0,3024,0
16a5cdae362b8d27a1d8f8c7b78b4330,26d07ae4d7900394b2efaae387b01072,04.11.2022,0,12,0,2268,0
16a5cdae362b8d27a1d8f8c7b78b4330,26d07ae4d7900394b2efaae387b01072,08.01.2023,0,5,0,945,0
16a5cdae362b8d27a1d8f8c7b78b4330,26d07ae4d7900394b2efaae387b01072,27.01.2023,0,3,0,567,0
16a5cdae362b8d27a1d8f8c7b78b4330,26d07ae4d7900394b2efaae387b01072,10.02.2023,0,25,0,4725,0
16a5cdae362b8d27a1d8f8c7b78b4330,26d07ae4d7900394b2efaae387b01072,14.02.2023,0,2,0,378,0
16a5cdae362b8d27a1d8f8c7b78b4330,26d07ae4d7900394b2efaae387b01072,21.02.2023,0,9,0,1701,0
16a5cdae362b8d27a1d8f8c7b78b4330,26d07ae4d7900394b2efaae387b01072,22.02.2023,0,6,0,1134,0
16a5cdae362b8d27a1d8f8c7b78b4330,26d07ae4d7900394b2efaae387b01072,07.03.2023,0,24,0,4536,0
16a5cdae362b8d27a1d8f8c7b78b4330,26d07ae4d7900394b2efaae387b01072,12.03.2023,0,7,0,1323,0
16a5cdae362b8d27a1d8f8c7b78b4330,26d07ae4d7900394b2efaae387b01072,15.03.2023,0,9,0,1701,0
16a5cdae362b8d27a1d8f8c7b78b4330,26d07ae4d7900394b2efaae387b01072,29.04.2023,0,4,0,756,0
16a5cdae362b8d27a1d8f8c7b78b4330,26d07ae4d7900394b2efaae387b01072,05.05.2023,0,14,0,2646,0
16a5cdae362b8d27a1d8f8c7b78b4330,26d07ae4d7900394b2efaae387b01072,07.05.2023,0,3,0,567,0
16a5cdae362b8d27a1d8f8c7b78b4330,26d07ae4d7900394b2efaae387b01072,23.05.2023,0,2,0,378,0
16a5cdae362b8d27a1d8f8c7b78b4330,26d07ae4d7900394b2efaae387b01072,15.06.2023,0,4,0,756,0
16a5cdae362b8d27a1d8f8c7b78b4330,26d07ae4d7900394b2efaae387b01072,22.06.2023,0,4,0,756,0
16a5cdae362b8d27a1d8f8c7b78b4330,225de5ef23fbfa96f02a8e1e8626ab66,03.08.2022,0,3,0,102,0
16a5cdae362b8d27a1d8f8c7b78b4330,225de5ef23fbfa96f02a8e1e8626ab66,15.08.2022,0,5,0,170,0
16a5cdae362b8d27a1d8f8c7b78b4330,225de5ef23fbfa96f02a8e1e8626ab66,15.09.2022,0,6,0,204,0
16a5cdae362b8d27a1d8f8c7b78b4330,225de5ef23fbfa96f02a8e1e8626ab66,18.09.2022,0,7,0,238,0
16a5cdae362b8d27a1d8f8c7b78b4330,225de5ef23fbfa96f02a8e1e8626ab66,22.09.2022,0,10,0,340,0
16a5cdae362b8d27a1d8f8c7b78b4330,225de5ef23fbfa96f02a8e1e8626ab66,27.09.2022,0,1,0,34,0
16a5cdae362b8d27a1d8f8c7b78b4330,225de5ef23fbfa96f02a8e1e8626ab66,29.09.2022,0,2,0,68,0
16a5cdae362b8d27a1d8f8c7b78b4330,225de5ef23fbfa96f02a8e1e8626ab66,02.10.2022,0,8,0,272,0
16a5cdae362b8d27a1d8f8c7b78b4330,225de5ef23fbfa96f02a8e1e8626ab66,17.10.2022,0,8,0,272,0
16a5cdae362b8d27a1d8f8c7b78b4330,225de5ef23fbfa96f02a8e1e8626ab66,04.11.2022,0,19,0,646,0
16a5cdae362b8d27a1d8f8c7b78b4330,225de5ef23fbfa96f02a8e1e8626ab66,08.01.2023,0,14,0,476,0
16a5cdae362b8d27a1d8f8c7b78b4330,225de5ef23fbfa96f02a8e1e8626ab66,27.01.2023,0,10,0,340,0
16a5cdae362b8d27a1d8f8c7b78b4330,225de5ef23fbfa96f02a8e1e8626ab66,10.02.2023,0,12,0,408,0
16a5cdae362b8d27a1d8f8c7b78b4330,225de5ef23fbfa96f02a8e1e8626ab66,13.02.2023,0,10,0,340,0
16a5cdae362b8d27a1d8f8c7b78b4330,225de5ef23fbfa96f02a8e1e8626ab66,14.02.2023,0,9,0,306,0
16a5cdae362b8d27a1d8f8c7b78b4330,225de5ef23fbfa96f02a8e1e8626ab66,21.02.2023,0,1,0,34,0
16a5cdae362b8d27a1d8f8c7b78b4330,225de5ef23fbfa96f02a8e1e8626ab66,22.02.2023,0,5,0,170,0
16a5cdae362b8d27a1d8f8c7b78b4330,225de5ef23fbfa96f02a8e1e8626ab66,07.03.2023,0,3,0,102,0
16a5cdae362b8d27a1d8f8c7b78b4330,225de5ef23fbfa96f02a8e1e8626ab66,11.03.2023,0,8,0,272,0
16a5cdae362b8d27a1d8f8c7b78b4330,225de5ef23fbfa96f02a8e1e8626ab66,12.03.2023,0,4,0,136,0
16a5cdae362b8d27a1d8f8c7b78b4330,225de5ef23fbfa96f02a8e1e8626ab66,13.03.2023,0,3,0,102,0
16a5cdae362b8d27a1d8f8c7b78b4330,225de5ef23fbfa96f02a8e1e8626ab66,15.03.2023,0,10,0,340,0
16a5cdae362b8d27a1d8f8c7b78b4330,225de5ef23fbfa96f02a8e1e8626ab66,29.04.2023,0,12,0,408,0
16a5cdae362b8d27a1d8f8c7b78b4330,225de5ef23fbfa96f02a8e1e8626ab66,05.05.2023,0,6,0,204,0
16a5cdae362b8d27a1d8f8c7b78b4330,225de5ef23fbfa96f02a8e1e8626ab66,07.05.2023,0,5,0,170,0
16a5cdae362b8d27a1d8f8c7b78b4330,225de5ef23fbfa96f02a8e1e8626ab66,14.05.2023,0,29,0,986,0
16a5cdae362b8d27a1d8f8c7b78b4330,225de5ef23fbfa96f02a8e1e8626ab66,23.05.2023,0,14,0,476,0
16a5cdae362b8d27a1d8f8c7b78b4330,225de5ef23fbfa96f02a8e1e8626ab66,15.06.2023,0,20,0,680,0
16a5cdae362b8d27a1d8f8c7b78b4330,225de5ef23fbfa96f02a8e1e8626ab66,18.06.2023,0,12,0,408,0
16a5cdae362b8d27a1d8f8c7b78b4330,225de5ef23fbfa96f02a8e1e8626ab66,22.06.2023,0,10,0,340,0
16a5cdae362b8d27a1d8f8c7b78b4330,225de5ef23fbfa96f02a8e1e8626ab66,04.07.2023,0,1,0,34,0
16a5cdae362b8d27a1d8f8c7b78b4330,1d2448c22721c94bb0264cf52598522f,03.08.2022,0,17,0,1275,0
16a5cdae362b8d27a1d8f8c7b78b4330,1d2448c22721c94bb0264cf52598522f,15.08.2022,0,16,0,1200,0
16a5cdae362b8d27a1d8f8c7b78b4330,1d2448c22721c94bb0264cf52598522f,15.09.2022,0,14,0,1050,0
16a5cdae362b8d27a1d8f8c7b78b4330,1d2448c22721c94bb0264cf52598522f,18.09.2022,0,15,0,1125,0
16a5cdae362b8d27a1d8f8c7b78b4330,1d2448c22721c94bb0264cf52598522f,22.09.2022,0,19,0,1425,0
16a5cdae362b8d27a1d8f8c7b78b4330,1d2448c22721c94bb0264cf52598522f,27.09.2022,0,11,0,825,0
16a5cdae362b8d27a1d8f8c7b78b4330,1d2448c22721c94bb0264cf52598522f,29.09.2022,0,16,0,1200,0
16a5cdae362b8d27a1d8f8c7b78b4330,1d2448c22721c94bb0264cf52598522f,02.10.2022,0,15,0,1125,0
16a5cdae362b8d27a1d8f8c7b78b4330,1d2448c22721c94bb0264cf52598522f,17.10.2022,0,12,0,900,0
16a5cdae362b8d27a1d8f8c7b78b4330,1d2448c22721c94bb0264cf52598522f,04.11.2022,0,15,0,1125,0
16a5cdae362b8d27a1d8f8c7b78b4330,1d2448c22721c94bb0264cf52598522f,08.01.2023,0,13,0,975,0
16a5cdae362b8d27a1d8f8c7b78b4330,1d2448c22721c94bb0264cf52598522f,27.01.2023,0,29,0,2175,0
16a5cdae362b8d27a1d8f8c7b78b4330,1d2448c22721c94bb0264cf52598522f,10.02.2023,0,5,0,375,0
16a5cdae362b8d27a1d8f8c7b78b4330,1d2448c22721c94bb0264cf52598522f,13.02.2023,0,15,0,1125,0
16a5cdae362b8d27a1d8f8c7b78b4330,1d2448c22721c94bb0264cf52598522f,14.02.2023,0,17,0,1275,0
16a5cdae362b8d27a1d8f8c7b78b4330,1d2448c22721c94bb0264cf52598522f,21.02.2023,0,9,0,675,0
16a5cdae362b8d27a1d8f8c7b78b4330,1d2448c22721c94bb0264cf52598522f,22.02.2023,0,27,0,2025,0
16a5cdae362b8d27a1d8f8c7b78b4330,1d2448c22721c94bb0264cf52598522f,11.03.2023,0,7,0,525,0
16a5cdae362b8d27a1d8f8c7b78b4330,1d2448c22721c94bb0264cf52598522f,12.03.2023,0,4,0,300,0
16a5cdae362b8d27a1d8f8c7b78b4330,1d2448c22721c94bb0264cf52598522f,13.03.2023,0,1,0,75,0
16a5cdae362b8d27a1d8f8c7b78b4330,1d2448c22721c94bb0264cf52598522f,15.03.2023,0,16,0,1200,0
16a5cdae362b8d27a1d8f8c7b78b4330,1d2448c22721c94bb0264cf52598522f,29.04.2023,0,8,0,600,0
16a5cdae362b8d27a1d8f8c7b78b4330,1d2448c22721c94bb0264cf52598522f,05.05.2023,0,26,0,1950,0
16a5cdae362b8d27a1d8f8c7b78b4330,1d2448c22721c94bb0264cf52598522f,07.05.2023,0,12,0,900,0
16a5cdae362b8d27a1d8f8c7b78b4330,1d2448c22721c94bb0264cf52598522f,14.05.2023,0,16,0,1200,0
16a5cdae362b8d27a1d8f8c7b78b4330,1d2448c22721c94bb0264cf52598522f,23.05.2023,0,7,0,525,0
16a5cdae362b8d27a1d8f8c7b78b4330,1d2448c22721c94bb0264cf52598522f,15.06.2023,0,22,0,1650,0
16a5cdae362b8d27a1d8f8c7b78b4330,1d2448c22721c94bb0264cf52598522f,18.06.2023,0,18,0,1350,0
16a5cdae362b8d27a1d8f8c7b78b4330,1d2448c22721c94bb0264cf52598522f,20.06.2023,0,14,0,1050,0
16a5cdae362b8d27a1d8f8c7b78b4330,1d2448c22721c94bb0264cf52598522f,21.06.2023,0,32,0,2400,0
16a5cdae362b8d27a1d8f8c7b78b4330,1d2448c22721c94bb0264cf52598522f,22.06.2023,0,24,0,1800,0
16a5cdae362b8d27a1d8f8c7b78b4330,1d2448c22721c94bb0264cf52598522f,04.07.2023,0,19,0,1425,0
16a5cdae362b8d27a1d8f8c7b78b4330,1d2448c22721c94bb0264cf52598522f,13.07.2023,0,10,0,750,0
16a5cdae362b8d27a1d8f8c7b78b4330,1cec786e41a51f75b5701511f995218b,03.08.2022,0,10,0,220,0
16a5cdae362b8d27a1d8f8c7b78b4330,1cec786e41a51f75b5701511f995218b,15.08.2022,0,4,0,88,0
16a5cdae362b8d27a1d8f8c7b78b4330,1cec786e41a51f75b5701511f995218b,15.09.2022,0,9,0,198,0
16a5cdae362b8d27a1d8f8c7b78b4330,1cec786e41a51f75b5701511f995218b,18.09.2022,0,7,0,154,0
16a5cdae362b8d27a1d8f8c7b78b4330,1cec786e41a51f75b5701511f995218b,22.09.2022,0,3,0,66,0
16a5cdae362b8d27a1d8f8c7b78b4330,1cec786e41a51f75b5701511f995218b,27.09.2022,0,3,0,66,0
16a5cdae362b8d27a1d8f8c7b78b4330,1cec786e41a51f75b5701511f995218b,29.09.2022,0,13,0,286,0
16a5cdae362b8d27a1d8f8c7b78b4330,1cec786e41a51f75b5701511f995218b,02.10.2022,0,28,0,616,0
16a5cdae362b8d27a1d8f8c7b78b4330,1cec786e41a51f75b5701511f995218b,17.10.2022,0,9,0,198,0
16a5cdae362b8d27a1d8f8c7b78b4330,1cec786e41a51f75b5701511f995218b,04.11.2022,0,10,0,220,0
16a5cdae362b8d27a1d8f8c7b78b4330,1cec786e41a51f75b5701511f995218b,08.01.2023,0,10,0,220,0
16a5cdae362b8d27a1d8f8c7b78b4330,1cec786e41a51f75b5701511f995218b,27.01.2023,0,11,0,242,0
16a5cdae362b8d27a1d8f8c7b78b4330,1cec786e41a51f75b5701511f995218b,10.02.2023,0,3,0,66,0
16a5cdae362b8d27a1d8f8c7b78b4330,1cec786e41a51f75b5701511f995218b,13.02.2023,0,9,0,198,0
16a5cdae362b8d27a1d8f8c7b78b4330,1cec786e41a51f75b5701511f995218b,14.02.2023,0,10,0,220,0
16a5cdae362b8d27a1d8f8c7b78b4330,1cec786e41a51f75b5701511f995218b,21.02.2023,0,2,0,44,0
16a5cdae362b8d27a1d8f8c7b78b4330,1cec786e41a51f75b5701511f995218b,22.02.2023,0,12,0,264,0
16a5cdae362b8d27a1d8f8c7b78b4330,1cec786e41a51f75b5701511f995218b,07.03.2023,0,17,0,374,0
16a5cdae362b8d27a1d8f8c7b78b4330,1cec786e41a51f75b5701511f995218b,11.03.2023,0,7,0,154,0
16a5cdae362b8d27a1d8f8c7b78b4330,1cec786e41a51f75b5701511f995218b,12.03.2023,0,11,0,242,0
16a5cdae362b8d27a1d8f8c7b78b4330,1cec786e41a51f75b5701511f995218b,13.03.2023,0,9,0,198,0
16a5cdae362b8d27a1d8f8c7b78b4330,1cec786e41a51f75b5701511f995218b,15.03.2023,0,2,0,44,0
16a5cdae362b8d27a1d8f8c7b78b4330,1cec786e41a51f75b5701511f995218b,29.04.2023,0,11,0,242,0
16a5cdae362b8d27a1d8f8c7b78b4330,1cec786e41a51f75b5701511f995218b,05.05.2023,0,10,0,220,0
16a5cdae362b8d27a1d8f8c7b78b4330,1cec786e41a51f75b5701511f995218b,07.05.2023,0,1,0,22,0
16a5cdae362b8d27a1d8f8c7b78b4330,1cec786e41a51f75b5701511f995218b,14.05.2023,0,10,0,220,0
16a5cdae362b8d27a1d8f8c7b78b4330,1cec786e41a51f75b5701511f995218b,23.05.2023,0,1,0,22,0
16a5cdae362b8d27a1d8f8c7b78b4330,1cec786e41a51f75b5701511f995218b,15.06.2023,0,8,0,176,0
16a5cdae362b8d27a1d8f8c7b78b4330,1cec786e41a51f75b5701511f995218b,18.06.2023,0,7,0,154,0
16a5cdae362b8d27a1d8f8c7b78b4330,1cec786e41a51f75b5701511f995218b,21.06.2023,0,12,0,264,0
16a5cdae362b8d27a1d8f8c7b78b4330,1cec786e41a51f75b5701511f995218b,22.06.2023,0,5,0,110,0
16a5cdae362b8d27a1d8f8c7b78b4330,0cc57d9daaa686e94f9ab541f3026121,03.08.2022,0,9,0,2088,0
16a5cdae362b8d27a1d8f8c7b78b4330,0cc57d9daaa686e94f9ab541f3026121,15.08.2022,0,5,0,1160,0
16a5cdae362b8d27a1d8f8c7b78b4330,0cc57d9daaa686e94f9ab541f3026121,15.09.2022,0,69,0,16008,0
16a5cdae362b8d27a1d8f8c7b78b4330,0cc57d9daaa686e94f9ab541f3026121,22.09.2022,0,29,0,6728,0
16a5cdae362b8d27a1d8f8c7b78b4330,0cc57d9daaa686e94f9ab541f3026121,27.09.2022,0,9,0,2088,0
16a5cdae362b8d27a1d8f8c7b78b4330,0cc57d9daaa686e94f9ab541f3026121,29.09.2022,0,23,0,5336,0
16a5cdae362b8d27a1d8f8c7b78b4330,0cc57d9daaa686e94f9ab541f3026121,02.10.2022,0,9,0,2088,0
16a5cdae362b8d27a1d8f8c7b78b4330,0cc57d9daaa686e94f9ab541f3026121,17.10.2022,0,19,0,4408,0
16a5cdae362b8d27a1d8f8c7b78b4330,0cc57d9daaa686e94f9ab541f3026121,04.11.2022,0,25,0,5800,0
16a5cdae362b8d27a1d8f8c7b78b4330,0cc57d9daaa686e94f9ab541f3026121,08.01.2023,0,12,0,2784,0
16a5cdae362b8d27a1d8f8c7b78b4330,0cc57d9daaa686e94f9ab541f3026121,27.01.2023,0,19,0,4408,0
16a5cdae362b8d27a1d8f8c7b78b4330,0cc57d9daaa686e94f9ab541f3026121,10.02.2023,0,41,0,9512,0
16a5cdae362b8d27a1d8f8c7b78b4330,0cc57d9daaa686e94f9ab541f3026121,13.02.2023,0,9,0,2088,0
16a5cdae362b8d27a1d8f8c7b78b4330,0cc57d9daaa686e94f9ab541f3026121,14.02.2023,0,6,0,1392,0
16a5cdae362b8d27a1d8f8c7b78b4330,0cc57d9daaa686e94f9ab541f3026121,21.02.2023,0,15,0,3480,0
16a5cdae362b8d27a1d8f8c7b78b4330,0cc57d9daaa686e94f9ab541f3026121,22.02.2023,0,6,0,1392,0
16a5cdae362b8d27a1d8f8c7b78b4330,0cc57d9daaa686e94f9ab541f3026121,07.03.2023,0,29,0,6728,0
16a5cdae362b8d27a1d8f8c7b78b4330,0cc57d9daaa686e94f9ab541f3026121,11.03.2023,0,16,0,3712,0
16a5cdae362b8d27a1d8f8c7b78b4330,0cc57d9daaa686e94f9ab541f3026121,12.03.2023,0,7,0,1624,0
16a5cdae362b8d27a1d8f8c7b78b4330,0cc57d9daaa686e94f9ab541f3026121,13.03.2023,0,6,0,1392,0
16a5cdae362b8d27a1d8f8c7b78b4330,0cc57d9daaa686e94f9ab541f3026121,15.03.2023,0,30,0,6960,0
16a5cdae362b8d27a1d8f8c7b78b4330,0cc57d9daaa686e94f9ab541f3026121,29.04.2023,0,26,0,6032,0
16a5cdae362b8d27a1d8f8c7b78b4330,0cc57d9daaa686e94f9ab541f3026121,05.05.2023,0,39,0,9048,0
16a5cdae362b8d27a1d8f8c7b78b4330,0cc57d9daaa686e94f9ab541f3026121,07.05.2023,0,19,0,4408,0
16a5cdae362b8d27a1d8f8c7b78b4330,0cc57d9daaa686e94f9ab541f3026121,23.05.2023,0,2,0,464,0
16a5cdae362b8d27a1d8f8c7b78b4330,0cc57d9daaa686e94f9ab541f3026121,15.06.2023,0,3,0,696,0
16a5cdae362b8d27a1d8f8c7b78b4330,0cc57d9daaa686e94f9ab541f3026121,18.06.2023,0,3,0,696,0
16a5cdae362b8d27a1d8f8c7b78b4330,0cc57d9daaa686e94f9ab541f3026121,22.06.2023,0,19,0,4408,0
16a5cdae362b8d27a1d8f8c7b78b4330,0a68dd43c227b0e66d52665d6c3ca8ba,03.08.2022,0,11,0,1606,0
16a5cdae362b8d27a1d8f8c7b78b4330,0a68dd43c227b0e66d52665d6c3ca8ba,15.08.2022,0,11,0,1606,0
16a5cdae362b8d27a1d8f8c7b78b4330,0a68dd43c227b0e66d52665d6c3ca8ba,15.09.2022,0,27,0,3942,0
16a5cdae362b8d27a1d8f8c7b78b4330,0a68dd43c227b0e66d52665d6c3ca8ba,18.09.2022,0,31,0,4526,0
16a5cdae362b8d27a1d8f8c7b78b4330,0a68dd43c227b0e66d52665d6c3ca8ba,22.09.2022,0,12,0,1752,0
16a5cdae362b8d27a1d8f8c7b78b4330,0a68dd43c227b0e66d52665d6c3ca8ba,27.09.2022,0,10,0,1460,0
16a5cdae362b8d27a1d8f8c7b78b4330,0a68dd43c227b0e66d52665d6c3ca8ba,29.09.2022,0,5,0,730,0
16a5cdae362b8d27a1d8f8c7b78b4330,0a68dd43c227b0e66d52665d6c3ca8ba,02.10.2022,0,15,0,2190,0
16a5cdae362b8d27a1d8f8c7b78b4330,0a68dd43c227b0e66d52665d6c3ca8ba,17.10.2022,0,4,0,584,0
16a5cdae362b8d27a1d8f8c7b78b4330,0a68dd43c227b0e66d52665d6c3ca8ba,04.11.2022,0,13,0,1898,0
16a5cdae362b8d27a1d8f8c7b78b4330,0a68dd43c227b0e66d52665d6c3ca8ba,08.01.2023,0,9,0,1314,0
16a5cdae362b8d27a1d8f8c7b78b4330,0a68dd43c227b0e66d52665d6c3ca8ba,27.01.2023,0,23,0,3358,0
16a5cdae362b8d27a1d8f8c7b78b4330,0a68dd43c227b0e66d52665d6c3ca8ba,10.02.2023,0,24,0,3504,0
16a5cdae362b8d27a1d8f8c7b78b4330,0a68dd43c227b0e66d52665d6c3ca8ba,13.02.2023,0,2,0,292,0
16a5cdae362b8d27a1d8f8c7b78b4330,0a68dd43c227b0e66d52665d6c3ca8ba,14.02.2023,0,5,0,730,0
16a5cdae362b8d27a1d8f8c7b78b4330,0a68dd43c227b0e66d52665d6c3ca8ba,21.02.2023,0,27,0,3942,0
16a5cdae362b8d27a1d8f8c7b78b4330,0a68dd43c227b0e66d52665d6c3ca8ba,22.02.2023,0,37,0,5402,0
16a5cdae362b8d27a1d8f8c7b78b4330,0a68dd43c227b0e66d52665d6c3ca8ba,07.03.2023,0,4,0,584,0
16a5cdae362b8d27a1d8f8c7b78b4330,0a68dd43c227b0e66d52665d6c3ca8ba,11.03.2023,0,37,0,5402,0
16a5cdae362b8d27a1d8f8c7b78b4330,0a68dd43c227b0e66d52665d6c3ca8ba,12.03.2023,0,12,0,1752,0
16a5cdae362b8d27a1d8f8c7b78b4330,0a68dd43c227b0e66d52665d6c3ca8ba,13.03.2023,0,2,0,292,0
16a5cdae362b8d27a1d8f8c7b78b4330,0a68dd43c227b0e66d52665d6c3ca8ba,15.03.2023,0,3,0,438,0
16a5cdae362b8d27a1d8f8c7b78b4330,0a68dd43c227b0e66d52665d6c3ca8ba,29.04.2023,0,70,0,10220,0
16a5cdae362b8d27a1d8f8c7b78b4330,0a68dd43c227b0e66d52665d6c3ca8ba,05.05.2023,0,59,0,8614,0
16a5cdae362b8d27a1d8f8c7b78b4330,0a68dd43c227b0e66d52665d6c3ca8ba,07.05.2023,0,87,0,12702,0
16a5cdae362b8d27a1d8f8c7b78b4330,0a68dd43c227b0e66d52665d6c3ca8ba,14.05.2023,0,46,0,6716,0
16a5cdae362b8d27a1d8f8c7b78b4330,0a68dd43c227b0e66d52665d6c3ca8ba,23.05.2023,0,6,0,876,0
16a5cdae362b8d27a1d8f8c7b78b4330,0a68dd43c227b0e66d52665d6c3ca8ba,15.06.2023,0,53,0,7738,0
16a5cdae362b8d27a1d8f8c7b78b4330,0a68dd43c227b0e66d52665d6c3ca8ba,18.06.2023,0,78,0,11388,0
16a5cdae362b8d27a1d8f8c7b78b4330,0a68dd43c227b0e66d52665d6c3ca8ba,20.06.2023,0,38,0,5548,0
16a5cdae362b8d27a1d8f8c7b78b4330,0a68dd43c227b0e66d52665d6c3ca8ba,21.06.2023,0,24,0,3504,0
16a5cdae362b8d27a1d8f8c7b78b4330,0a68dd43c227b0e66d52665d6c3ca8ba,22.06.2023,0,10,0,1460,0
16a5cdae362b8d27a1d8f8c7b78b4330,06076bf3c802444ebc7d5619ab64ceb6,03.08.2022,0,11,0,528,0
16a5cdae362b8d27a1d8f8c7b78b4330,06076bf3c802444ebc7d5619ab64ceb6,15.09.2022,0,21,0,1008,0
16a5cdae362b8d27a1d8f8c7b78b4330,06076bf3c802444ebc7d5619ab64ceb6,22.09.2022,0,6,0,288,0
16a5cdae362b8d27a1d8f8c7b78b4330,06076bf3c802444ebc7d5619ab64ceb6,27.09.2022,0,16,0,768,0
16a5cdae362b8d27a1d8f8c7b78b4330,06076bf3c802444ebc7d5619ab64ceb6,29.09.2022,0,28,0,1344,0
16a5cdae362b8d27a1d8f8c7b78b4330,06076bf3c802444ebc7d5619ab64ceb6,02.10.2022,0,43,0,2064,0
16a5cdae362b8d27a1d8f8c7b78b4330,06076bf3c802444ebc7d5619ab64ceb6,17.10.2022,0,27,0,1296,0
16a5cdae362b8d27a1d8f8c7b78b4330,06076bf3c802444ebc7d5619ab64ceb6,04.11.2022,0,20,0,960,0
16a5cdae362b8d27a1d8f8c7b78b4330,06076bf3c802444ebc7d5619ab64ceb6,21.02.2023,0,14,0,672,0
16a5cdae362b8d27a1d8f8c7b78b4330,06076bf3c802444ebc7d5619ab64ceb6,22.02.2023,0,4,0,192,0
16a5cdae362b8d27a1d8f8c7b78b4330,06076bf3c802444ebc7d5619ab64ceb6,07.03.2023,0,23,0,1104,0
16a5cdae362b8d27a1d8f8c7b78b4330,06076bf3c802444ebc7d5619ab64ceb6,11.03.2023,0,21,0,1008,0
16a5cdae362b8d27a1d8f8c7b78b4330,06076bf3c802444ebc7d5619ab64ceb6,12.03.2023,0,6,0,288,0
16a5cdae362b8d27a1d8f8c7b78b4330,06076bf3c802444ebc7d5619ab64ceb6,13.03.2023,0,7,0,336,0
16a5cdae362b8d27a1d8f8c7b78b4330,06076bf3c802444ebc7d5619ab64ceb6,15.03.2023,0,57,0,2736,0
16a5cdae362b8d27a1d8f8c7b78b4330,06076bf3c802444ebc7d5619ab64ceb6,29.04.2023,0,14,0,672,0
16a5cdae362b8d27a1d8f8c7b78b4330,06076bf3c802444ebc7d5619ab64ceb6,05.05.2023,0,15,0,720,0
16a5cdae362b8d27a1d8f8c7b78b4330,06076bf3c802444ebc7d5619ab64ceb6,07.05.2023,0,6,0,288,0
16a5cdae362b8d27a1d8f8c7b78b4330,06076bf3c802444ebc7d5619ab64ceb6,14.05.2023,0,18,0,864,0
16a5cdae362b8d27a1d8f8c7b78b4330,0094042bfeae507dc7f62acc8e5ed03a,03.08.2022,0,3,0,957,0
16a5cdae362b8d27a1d8f8c7b78b4330,0094042bfeae507dc7f62acc8e5ed03a,15.08.2022,0,3,0,957,0
16a5cdae362b8d27a1d8f8c7b78b4330,0094042bfeae507dc7f62acc8e5ed03a,15.09.2022,0,3,0,957,0
16a5cdae362b8d27a1d8f8c7b78b4330,0094042bfeae507dc7f62acc8e5ed03a,22.09.2022,0,10,0,3190,0
16a5cdae362b8d27a1d8f8c7b78b4330,0094042bfeae507dc7f62acc8e5ed03a,27.09.2022,0,7,0,2233,0
16a5cdae362b8d27a1d8f8c7b78b4330,0094042bfeae507dc7f62acc8e5ed03a,02.10.2022,0,2,0,638,0
16a5cdae362b8d27a1d8f8c7b78b4330,0094042bfeae507dc7f62acc8e5ed03a,17.10.2022,0,7,0,2233,0
16a5cdae362b8d27a1d8f8c7b78b4330,0094042bfeae507dc7f62acc8e5ed03a,04.11.2022,0,3,0,957,0
16a5cdae362b8d27a1d8f8c7b78b4330,0094042bfeae507dc7f62acc8e5ed03a,08.01.2023,0,3,0,957,0
16a5cdae362b8d27a1d8f8c7b78b4330,0094042bfeae507dc7f62acc8e5ed03a,27.01.2023,0,6,0,1914,0
16a5cdae362b8d27a1d8f8c7b78b4330,0094042bfeae507dc7f62acc8e5ed03a,10.02.2023,0,8,0,2552,0
16a5cdae362b8d27a1d8f8c7b78b4330,0094042bfeae507dc7f62acc8e5ed03a,14.02.2023,0,1,0,319,0
16a5cdae362b8d27a1d8f8c7b78b4330,0094042bfeae507dc7f62acc8e5ed03a,21.02.2023,0,11,0,3509,0
16a5cdae362b8d27a1d8f8c7b78b4330,0094042bfeae507dc7f62acc8e5ed03a,22.02.2023,0,10,0,3190,0
16a5cdae362b8d27a1d8f8c7b78b4330,0094042bfeae507dc7f62acc8e5ed03a,11.03.2023,0,16,0,5104,0
16a5cdae362b8d27a1d8f8c7b78b4330,0094042bfeae507dc7f62acc8e5ed03a,12.03.2023,0,8,0,2552,0
16a5cdae362b8d27a1d8f8c7b78b4330,0094042bfeae507dc7f62acc8e5ed03a,13.03.2023,0,2,0,638,0
16a5cdae362b8d27a1d8f8c7b78b4330,0094042bfeae507dc7f62acc8e5ed03a,15.03.2023,0,5,0,1595,0
16a5cdae362b8d27a1d8f8c7b78b4330,0094042bfeae507dc7f62acc8e5ed03a,29.04.2023,0,53,0,16907,0
16a5cdae362b8d27a1d8f8c7b78b4330,0094042bfeae507dc7f62acc8e5ed03a,05.05.2023,0,24,0,7656,0
16a5cdae362b8d27a1d8f8c7b78b4330,0094042bfeae507dc7f62acc8e5ed03a,07.05.2023,0,49,0,15631,0
16a5cdae362b8d27a1d8f8c7b78b4330,0094042bfeae507dc7f62acc8e5ed03a,14.05.2023,0,4,0,1276,0
16a5cdae362b8d27a1d8f8c7b78b4330,0094042bfeae507dc7f62acc8e5ed03a,23.05.2023,0,5,0,1595,0
16a5cdae362b8d27a1d8f8c7b78b4330,0094042bfeae507dc7f62acc8e5ed03a,15.06.2023,0,3,0,957,0
16a5cdae362b8d27a1d8f8c7b78b4330,0094042bfeae507dc7f62acc8e5ed03a,18.06.2023,0,6,0,1914,0
16a5cdae362b8d27a1d8f8c7b78b4330,0094042bfeae507dc7f62acc8e5ed03a,20.06.2023,0,5,0,1595,0
16a5cdae362b8d27a1d8f8c7b78b4330,0094042bfeae507dc7f62acc8e5ed03a,21.06.2023,0,10,0,3190,0
16a5cdae362b8d27a1d8f8c7b78b4330,0094042bfeae507dc7f62acc8e5ed03a,22.06.2023,0,5,0,1595,0
